"FID","mean","stdev","min"
105,7.53651505708694,0.189501058043626,7.1651496887207
106,7.53651505708694,0.189501058043626,7.1651496887207
